cheveux;yeux;sexe
Noir;Marron;Male
Blond;Bleu;Femelle
Noir;Bleu;Male
Marron;Marron;Femelle
Roux;Marron;Male
Marron;Bleu;Male
Roux;Vert;Male
Marron;Bleu;Male
Blond;Noisette;Male
Noir;Marron;Male
Roux;Marron;Male
Marron;Bleu;Femelle
Blond;Bleu;Male
Blond;Noisette;Male
Marron;Bleu;Male
Marron;Marron;Male
Blond;Marron;Male
Marron;Marron;Male
Marron;Bleu;Male
Marron;Bleu;Femelle
Blond;Bleu;Male
Marron;Marron;Femelle
Marron;Marron;Femelle
Noir;Marron;Femelle
Marron;Marron;Femelle
Marron;Bleu;Femelle
Marron;Noisette;Femelle
Noir;Noisette;Male
Noir;Marron;Femelle
Marron;Noisette;Male
Noir;Marron;Femelle
Blond;Bleu;Femelle
Roux;Marron;Femelle
Marron;Marron;Femelle
Marron;Vert;Femelle
Marron;Noisette;Male
Marron;Vert;Male
Roux;Noisette;Femelle
Noir;Bleu;Male
Marron;Noisette;Femelle
Blond;Bleu;Male
Blond;Bleu;Femelle
Roux;Vert;Femelle
Roux;Noisette;Femelle
Marron;Bleu;Male
Marron;Marron;Male
Blond;Vert;Male
Marron;Noisette;Femelle
Blond;Bleu;Femelle
Noir;Marron;Male
Roux;Noisette;Male
Blond;Bleu;Femelle
Roux;Marron;Femelle
Noir;Vert;Male
Marron;Marron;Femelle
Roux;Marron;Femelle
Blond;Bleu;Femelle
Marron;Marron;Femelle
Marron;Bleu;Male
Marron;Noisette;Femelle
Noir;Marron;Male
Blond;Bleu;Male
Marron;Marron;Femelle
Marron;Bleu;Male
Marron;Marron;Femelle
Blond;Bleu;Femelle
Marron;Marron;Male
Roux;Marron;Femelle
Marron;Marron;Femelle
Blond;Bleu;Male
Blond;Noisette;Femelle
Marron;Noisette;Femelle
Noir;Marron;Femelle
Marron;Bleu;Femelle
Noir;Noisette;Femelle
Noir;Noisette;Femelle
Marron;Vert;Femelle
Marron;Bleu;Male
Roux;Vert;Femelle
Roux;Marron;Femelle
Marron;Bleu;Femelle
Blond;Bleu;Femelle
Marron;Marron;Male
Marron;Bleu;Male
Marron;Bleu;Femelle
Marron;Vert;Male
Roux;Vert;Femelle
Blond;Bleu;Femelle
Blond;Bleu;Femelle
Blond;Bleu;Femelle
Blond;Bleu;Femelle
Marron;Marron;Male
Marron;Marron;Femelle
Noir;Marron;Male
Marron;Bleu;Male
Marron;Marron;Femelle
Marron;Bleu;Male
Marron;Marron;Femelle
Marron;Marron;Femelle
Marron;Marron;Femelle
Marron;Marron;Femelle
Blond;Bleu;Male
Blond;Vert;Femelle
Marron;Marron;Male
Marron;Marron;Femelle
Roux;Noisette;Male
Marron;Bleu;Femelle
Marron;Marron;Femelle
Marron;Marron;Femelle
Blond;Vert;Male
Blond;Vert;Femelle
Blond;Bleu;Femelle
Marron;Bleu;Male
Noir;Marron;Male
Noir;Marron;Femelle
Marron;Marron;Femelle
Noir;Bleu;Male
Roux;Marron;Femelle
Blond;Bleu;Male
Noir;Noisette;Male
Noir;Marron;Male
Noir;Noisette;Male
Roux;Noisette;Femelle
Marron;Noisette;Femelle
Marron;Vert;Male
Roux;Noisette;Femelle
Blond;Bleu;Femelle
Marron;Bleu;Femelle
Roux;Vert;Male
Marron;Vert;Femelle
Roux;Noisette;Male
Marron;Vert;Male
Noir;Noisette;Femelle
Noir;Marron;Male
Noir;Noisette;Male
Noir;Marron;Femelle
Marron;Noisette;Male
Marron;Bleu;Femelle
Marron;Vert;Male
Blond;Bleu;Femelle
Marron;Bleu;Femelle
Blond;Bleu;Femelle
Marron;Marron;Femelle
Marron;Marron;Femelle
Marron;Marron;Femelle
Blond;Marron;Femelle
Marron;Marron;Femelle
Noir;Marron;Male
Marron;Marron;Femelle
Marron;Vert;Male
Roux;Marron;Male
Blond;Bleu;Femelle
Blond;Bleu;Male
Noir;Marron;Femelle
Noir;Bleu;Femelle
Noir;Marron;Femelle
Marron;Marron;Femelle
Blond;Bleu;Male
Blond;Bleu;Male
Roux;Bleu;Male
Blond;Bleu;Male
Blond;Vert;Male
Marron;Marron;Male
Noir;Marron;Femelle
Marron;Marron;Male
Marron;Noisette;Male
Marron;Marron;Femelle
Marron;Noisette;Femelle
Noir;Marron;Male
Blond;Vert;Male
Noir;Marron;Femelle
Marron;Marron;Femelle
Marron;Bleu;Femelle
Marron;Marron;Femelle
Marron;Bleu;Femelle
Marron;Bleu;Femelle
Noir;Marron;Male
Noir;Marron;Femelle
Marron;Vert;Male
Marron;Bleu;Femelle
Noir;Bleu;Male
Blond;Bleu;Male
Marron;Marron;Male
Noir;Marron;Femelle
Blond;Bleu;Male
Marron;Bleu;Femelle
Blond;Bleu;Femelle
Blond;Bleu;Femelle
Marron;Marron;Femelle
Blond;Bleu;Femelle
Marron;Bleu;Male
Marron;Bleu;Femelle
Marron;Noisette;Male
Marron;Marron;Femelle
Blond;Bleu;Femelle
Roux;Marron;Femelle
Marron;Marron;Femelle
Marron;Marron;Femelle
Blond;Bleu;Femelle
Noir;Bleu;Femelle
Marron;Bleu;Male
Blond;Bleu;Femelle
Marron;Bleu;Male
Marron;Bleu;Male
Marron;Vert;Femelle
Roux;Noisette;Male
Marron;Bleu;Male
Marron;Noisette;Femelle
Noir;Marron;Male
Marron;Bleu;Male
Marron;Bleu;Male
Blond;Vert;Femelle
Marron;Noisette;Male
Roux;Noisette;Femelle
Marron;Marron;Male
Noir;Marron;Femelle
Blond;Noisette;Femelle
Marron;Noisette;Male
Marron;Vert;Femelle
Roux;Vert;Femelle
Blond;Bleu;Femelle
Noir;Bleu;Femelle
Noir;Marron;Femelle
Blond;Bleu;Femelle
Blond;Vert;Male
Marron;Marron;Male
Noir;Marron;Femelle
Roux;Marron;Femelle
Noir;Marron;Femelle
Noir;Marron;Femelle
Marron;Bleu;Femelle
Blond;Bleu;Femelle
Blond;Bleu;Femelle
Roux;Bleu;Femelle
Roux;Bleu;Femelle
Marron;Marron;Femelle
Marron;Bleu;Male
Blond;Vert;Femelle
Marron;Marron;Male
Blond;Bleu;Femelle
Marron;Marron;Femelle
Marron;Vert;Male
Noir;Marron;Male
Roux;Vert;Femelle
Blond;Bleu;Femelle
Marron;Marron;Femelle
Marron;Bleu;Male
Noir;Marron;Male
Marron;Marron;Male
Marron;Noisette;Male
Blond;Bleu;Male
Marron;Bleu;Male
Roux;Noisette;Femelle
Blond;Vert;Femelle
Marron;Marron;Femelle
Roux;Marron;Male
Marron;Vert;Male
Marron;Marron;Male
Marron;Marron;Femelle
Marron;Vert;Femelle
Marron;Noisette;Femelle
Roux;Marron;Femelle
Marron;Bleu;Male
Marron;Noisette;Femelle
Roux;Bleu;Male
Marron;Bleu;Male
Noir;Marron;Male
Marron;Noisette;Male
Blond;Vert;Male
Marron;Noisette;Male
Marron;Marron;Femelle
Marron;Marron;Male
Marron;Bleu;Femelle
Marron;Marron;Male
Marron;Bleu;Femelle
Roux;Marron;Femelle
Marron;Noisette;Male
Marron;Marron;Femelle
Blond;Bleu;Femelle
Marron;Marron;Femelle
Blond;Noisette;Femelle
Roux;Marron;Male
Marron;Bleu;Femelle
Marron;Bleu;Male
Marron;Marron;Femelle
Marron;Marron;Femelle
Blond;Vert;Femelle
Marron;Noisette;Male
Marron;Bleu;Male
Blond;Bleu;Male
Noir;Marron;Femelle
Marron;Marron;Femelle
Blond;Bleu;Male
Roux;Vert;Male
Marron;Marron;Femelle
Noir;Bleu;Male
Marron;Marron;Femelle
Noir;Noisette;Femelle
Noir;Vert;Femelle
Marron;Noisette;Male
Blond;Bleu;Femelle
Marron;Marron;Male
Marron;Marron;Femelle
Marron;Marron;Male
Marron;Marron;Male
Marron;Marron;Femelle
Marron;Bleu;Male
Noir;Bleu;Femelle
Marron;Noisette;Male
Blond;Bleu;Femelle
Blond;Bleu;Femelle
Marron;Marron;Femelle
Noir;Bleu;Male
Marron;Noisette;Femelle
Noir;Marron;Femelle
Marron;Vert;Femelle
Marron;Vert;Femelle
Roux;Bleu;Femelle
Noir;Noisette;Male
Roux;Bleu;Male
Marron;Marron;Femelle
Marron;Marron;Femelle
Noir;Marron;Male
Roux;Marron;Femelle
Marron;Marron;Femelle
Marron;Bleu;Male
Marron;Noisette;Femelle
Blond;Vert;Male
Marron;Marron;Male
Noir;Vert;Male
Noir;Marron;Femelle
Roux;Bleu;Male
Marron;Bleu;Male
Blond;Noisette;Femelle
Marron;Noisette;Male
Marron;Bleu;Femelle
Roux;Marron;Femelle
Noir;Marron;Femelle
Noir;Marron;Male
Noir;Marron;Male
Noir;Bleu;Male
Marron;Marron;Femelle
Marron;Noisette;Femelle
Blond;Bleu;Femelle
Roux;Marron;Femelle
Roux;Marron;Male
Marron;Noisette;Femelle
Blond;Bleu;Femelle
Marron;Marron;Femelle
Marron;Marron;Femelle
Marron;Vert;Femelle
Roux;Vert;Male
Roux;Marron;Male
Roux;Marron;Male
Noir;Marron;Femelle
Marron;Bleu;Femelle
Marron;Marron;Femelle
Marron;Marron;Femelle
Noir;Marron;Femelle
Marron;Noisette;Femelle
Noir;Marron;Male
Roux;Vert;Male
Blond;Bleu;Femelle
Marron;Bleu;Male
Noir;Bleu;Femelle
Marron;Bleu;Femelle
Noir;Marron;Femelle
Marron;Marron;Male
Roux;Noisette;Male
Noir;Noisette;Male
Marron;Noisette;Femelle
Marron;Noisette;Male
Marron;Bleu;Male
Marron;Bleu;Male
Marron;Vert;Femelle
Roux;Marron;Male
Marron;Marron;Femelle
Marron;Noisette;Femelle
Marron;Noisette;Femelle
Blond;Bleu;Femelle
Marron;Marron;Male
Roux;Vert;Male
Blond;Bleu;Femelle
Marron;Marron;Male
Noir;Marron;Femelle
Noir;Marron;Male
Roux;Marron;Femelle
Blond;Vert;Femelle
Blond;Bleu;Male
Noir;Marron;Male
Roux;Bleu;Male
Noir;Marron;Femelle
Marron;Noisette;Male
Noir;Marron;Male
Marron;Marron;Femelle
Marron;Marron;Male
Marron;Noisette;Male
Roux;Noisette;Male
Blond;Bleu;Male
Marron;Noisette;Femelle
Marron;Marron;Femelle
Noir;Bleu;Male
Marron;Noisette;Femelle
Marron;Bleu;Male
Marron;Bleu;Femelle
Noir;Vert;Femelle
Blond;Vert;Femelle
Marron;Marron;Femelle
Marron;Bleu;Male
Marron;Marron;Male
Noir;Marron;Male
Blond;Bleu;Femelle
Marron;Marron;Male
Blond;Noisette;Femelle
Marron;Marron;Femelle
Marron;Bleu;Male
Marron;Marron;Femelle
Blond;Vert;Male
Blond;Bleu;Femelle
Roux;Marron;Male
Noir;Noisette;Male
Noir;Marron;Femelle
Blond;Bleu;Male
Marron;Marron;Male
Blond;Bleu;Femelle
Marron;Vert;Male
Noir;Marron;Femelle
Noir;Bleu;Femelle
Marron;Bleu;Male
Marron;Noisette;Male
Marron;Bleu;Male
Blond;Bleu;Male
Marron;Bleu;Male
Marron;Marron;Femelle
Marron;Bleu;Femelle
Marron;Marron;Femelle
Marron;Vert;Femelle
Noir;Marron;Femelle
Blond;Marron;Femelle
Roux;Bleu;Femelle
Marron;Bleu;Male
Noir;Marron;Male
Noir;Bleu;Femelle
Blond;Bleu;Femelle
Roux;Bleu;Femelle
Marron;Vert;Male
Noir;Marron;Femelle
Marron;Marron;Femelle
Marron;Noisette;Femelle
Roux;Bleu;Male
Roux;Bleu;Male
Marron;Marron;Male
Noir;Noisette;Male
Marron;Bleu;Male
Blond;Bleu;Femelle
Blond;Bleu;Femelle
Roux;Bleu;Male
Blond;Bleu;Femelle
Blond;Noisette;Male
Noir;Marron;Femelle
Marron;Marron;Male
Blond;Noisette;Male
Marron;Bleu;Femelle
Marron;Marron;Male
Blond;Bleu;Femelle
Noir;Marron;Femelle
Noir;Vert;Male
Blond;Bleu;Femelle
Marron;Bleu;Femelle
Roux;Bleu;Male
Marron;Bleu;Male
Marron;Noisette;Male
Marron;Marron;Femelle
Marron;Marron;Male
Noir;Bleu;Male
Marron;Marron;Femelle
Blond;Bleu;Femelle
Marron;Bleu;Femelle
Marron;Vert;Femelle
Marron;Marron;Femelle
Marron;Marron;Femelle
Marron;Noisette;Male
Noir;Noisette;Male
Marron;Bleu;Femelle
Blond;Bleu;Femelle
Marron;Marron;Femelle
Marron;Bleu;Male
Blond;Bleu;Femelle
Blond;Bleu;Male
Marron;Vert;Male
Roux;Noisette;Femelle
Marron;Noisette;Femelle
Marron;Marron;Femelle
Blond;Marron;Femelle
Marron;Bleu;Male
Blond;Bleu;Male
Blond;Bleu;Femelle
Noir;Marron;Femelle
Roux;Vert;Femelle
Marron;Bleu;Femelle
Noir;Marron;Male
Noir;Marron;Femelle
Marron;Noisette;Male
Marron;Marron;Femelle
Marron;Bleu;Male
Marron;Bleu;Male
Marron;Vert;Male
Marron;Marron;Femelle
Roux;Marron;Femelle
Blond;Bleu;Male
Noir;Marron;Male
Marron;Noisette;Femelle
Marron;Bleu;Femelle
Marron;Bleu;Femelle
Noir;Marron;Male
Marron;Noisette;Femelle
Roux;Bleu;Femelle
Noir;Bleu;Femelle
Marron;Marron;Male
Blond;Bleu;Femelle
Blond;Bleu;Femelle
Marron;Vert;Male
Noir;Bleu;Male
Noir;Marron;Male
Marron;Marron;Femelle
Blond;Marron;Male
Blond;Bleu;Male
Roux;Vert;Male
Marron;Marron;Male
Blond;Bleu;Femelle
Marron;Marron;Male
Blond;Bleu;Male
Noir;Marron;Male
Blond;Bleu;Femelle
Marron;Vert;Femelle
Blond;Bleu;Femelle
Marron;Bleu;Male
Noir;Marron;Femelle
Blond;Bleu;Male
Marron;Vert;Male
Roux;Vert;Femelle
Marron;Marron;Male
Marron;Marron;Femelle
Roux;Bleu;Femelle
Blond;Bleu;Male
Marron;Marron;Femelle
Marron;Bleu;Male
Blond;Noisette;Male
Marron;Bleu;Femelle
Blond;Bleu;Femelle
Marron;Bleu;Male
Noir;Noisette;Femelle
Blond;Bleu;Femelle
Blond;Marron;Male
Marron;Marron;Femelle
Blond;Bleu;Male
Noir;Bleu;Femelle
Blond;Bleu;Femelle
Marron;Marron;Femelle
Blond;Bleu;Femelle
Roux;Marron;Femelle
Marron;Marron;Male
Roux;Bleu;Male
Marron;Noisette;Femelle
Blond;Bleu;Male
Blond;Bleu;Femelle
Noir;Noisette;Male
Marron;Marron;Male
Marron;Marron;Femelle
Marron;Noisette;Femelle
Marron;Noisette;Male
Marron;Noisette;Femelle
Noir;Marron;Femelle
Noir;Marron;Male
Blond;Bleu;Femelle
Blond;Bleu;Femelle
Roux;Noisette;Male
Blond;Bleu;Male
Marron;Bleu;Femelle
Marron;Noisette;Femelle
Noir;Bleu;Male
Marron;Vert;Femelle
Marron;Noisette;Male
Blond;Bleu;Femelle
Noir;Marron;Male
Marron;Marron;Femelle
Noir;Marron;Male
Blond;Marron;Femelle
Marron;Bleu;Male
Marron;Noisette;Male
Marron;Noisette;Femelle
Marron;Bleu;Male
